APPLICATION_FOR,BALLOTS_BLANK,BALLOTS_IN_FAVOUR,BALLOTS_OPPOSED,OPEN_DATE,CLOSE_DATE,FINAL_VOTER_COUNT
Option C,19,92,17,2023-08-12,2023-07-17,1094
Option C,16,32,24,2023-06-26,2023-01-17,806
Option C,43,80,6,2023-11-28,2023-08-22,1254
Option B,23,50,30,2023-10-15,2023-06-24,1491
Option C,43,62,24,2023-04-11,2023-06-26,546
Option B,50,24,27,2023-07-21,2023-11-24,658
Option B,24,43,24,2023-12-28,2023-07-24,794
Option B,12,55,17,2023-11-07,2023-01-26,1159
Option C,11,78,17,2023-07-20,2023-10-29,1921
Option A,5,57,17,2023-10-26,2023-06-30,1372
Option B,2,88,13,2023-01-30,2023-03-07,1439
Option B,27,80,16,2023-02-16,2023-04-12,1694
Option A,43,38,7,2023-07-30,2023-03-18,959
Option B,43,31,10,2023-02-05,2023-07-25,2000
Option C,10,52,17,2023-12-18,2023-02-08,638
Option A,18,93,27,2023-11-01,2023-09-24,1525
Option C,10,50,20,2023-03-28,2023-04-29,1635
Option C,35,55,7,2023-07-20,2023-06-05,798
Option A,21,93,26,2023-11-07,2023-03-22,1385
Option A,10,34,18,2023-07-30,2023-12-14,1951
Option A,26,47,27,2023-07-06,2023-06-18,1274
Option A,1,27,18,2023-07-18,2023-04-07,719
Option C,38,65,26,2023-11-05,2023-09-02,649
Option B,5,79,18,2023-01-21,2023-02-20,1197
Option C,38,91,21,2023-01-20,2023-08-03,1965
Option B,35,61,13,2023-10-21,2023-07-17,1780
Option A,47,89,23,2023-09-07,2023-09-19,1357
Option B,27,87,20,2023-11-02,2023-11-02,568
Option C,28,62,25,2023-07-19,2023-10-19,1037
Option B,3,99,26,2023-04-18,2023-08-13,943
Option A,40,82,27,2023-05-18,2023-12-08,1642
Option C,4,59,25,2023-02-07,2023-08-20,1426
Option C,47,65,8,2023-12-16,2023-05-10,934
Option A,30,39,25,2023-05-29,2023-03-24,1042
Option C,42,26,16,2023-06-05,2023-08-03,988
Option B,47,92,7,2023-12-13,2023-07-11,1833
Option A,8,72,18,2023-08-25,2023-11-25,1218
Option C,18,30,26,2023-12-07,2023-12-05,1250
Option A,27,68,26,2023-01-08,2023-10-29,1700
Option A,14,21,17,2023-09-30,2023-10-05,1786
Option B,10,48,18,2023-03-31,2023-01-19,1161
Option C,28,56,22,2023-10-23,2023-08-22,1094
Option C,16,49,14,2023-12-13,2023-06-19,843
Option A,40,71,24,2023-12-30,2023-08-12,992
Option C,24,25,28,2023-07-03,2023-10-19,1435
Option A,46,82,14,2023-05-04,2023-01-11,1087
Option C,11,74,22,2023-07-27,2023-06-21,1280
Option B,18,54,29,2023-04-07,2023-01-24,1155
Option A,6,46,20,2023-10-29,2023-03-03,1416
Option B,10,97,17,2023-06-19,2023-11-08,1685
Option A,14,60,16,2023-07-08,2023-11-03,885
Option A,8,79,30,2023-01-24,2023-06-15,620
Option C,45,51,25,2023-01-07,2023-07-07,951
Option A,23,79,30,2023-08-15,2023-07-24,920
Option B,18,23,28,2023-03-09,2023-08-25,1505
Option A,10,70,13,2023-02-16,2023-09-11,659
Option A,32,59,14,2023-09-26,2023-08-21,1497
Option C,8,57,30,2023-05-27,2023-11-06,871
Option A,40,53,24,2023-08-26,2023-11-25,1129
Option B,22,37,30,2023-03-06,2023-02-26,1673
Option A,16,54,14,2023-06-08,2023-12-06,2000
Option C,9,49,6,2023-01-06,2023-02-02,914
Option A,7,22,10,2023-10-07,2023-04-15,550
Option C,17,91,29,2023-02-04,2023-07-25,660
Option B,23,92,28,2023-10-18,2023-05-13,692
Option C,37,51,6,2023-01-01,2023-12-27,1424
Option B,24,49,17,2023-01-18,2023-12-09,1311
Option B,49,44,19,2023-11-30,2023-02-03,818
Option C,6,63,22,2023-12-01,2023-01-30,1073
Option B,38,38,22,2023-03-18,2023-12-14,611
Option B,11,85,15,2023-08-05,2023-05-25,1885
Option C,40,63,11,2023-04-05,2023-06-21,1359
Option C,15,37,18,2023-12-03,2023-10-11,1129
Option A,2,93,28,2023-06-07,2023-06-26,1636
Option B,30,70,22,2023-10-24,2023-01-15,1533
Option B,34,66,10,2023-12-26,2023-11-05,1550
Option A,20,66,6,2023-12-26,2023-06-30,1330
Option B,45,22,20,2023-04-22,2023-07-03,988
Option A,33,89,22,2023-12-05,2023-07-17,1056
Option A,27,67,26,2023-10-27,2023-02-01,667
Option B,35,74,28,2023-01-18,2023-02-27,927
Option C,25,63,13,2023-10-15,2023-10-16,1295
Option C,0,50,13,2023-11-02,2023-07-26,1192
Option A,25,66,5,2023-07-04,2023-05-30,1096
Option B,20,71,29,2023-05-20,2023-09-06,1740
Option A,41,80,6,2023-01-11,2023-11-18,897
Option B,20,39,22,2023-11-17,2023-11-07,828
Option A,37,89,30,2023-10-23,2023-02-28,947
Option C,34,70,10,2023-07-05,2023-09-07,1096
Option C,29,75,22,2023-03-23,2023-05-17,561
Option B,11,63,7,2023-02-04,2023-08-30,1259
Option C,32,63,21,2023-03-05,2023-09-16,723
Option A,43,77,6,2023-12-01,2023-01-11,1643
Option B,12,53,6,2023-02-14,2023-06-26,917
Option B,49,89,10,2023-10-04,2023-12-23,1443
Option C,32,93,10,2023-08-19,2023-10-12,1385
Option B,23,26,18,2023-10-08,2023-06-17,1979
Option A,8,36,5,2023-12-29,2023-05-23,655
Option C,30,59,30,2023-06-07,2023-05-07,1534
Option C,31,72,29,2023-06-03,2023-02-23,937
Option C,1,56,8,2023-01-26,2023-02-03,1465
Option B,30,98,30,2023-08-23,2023-01-29,655
Option B,26,100,24,2023-07-15,2023-11-07,1236
Option C,34,34,17,2023-02-13,2023-12-17,1459
Option A,32,64,19,2023-10-22,2023-03-14,721
Option A,22,68,15,2023-01-30,2023-08-28,1634
Option C,49,100,11,2023-11-20,2023-07-14,820
Option B,36,40,29,2023-03-11,2023-12-30,1990
Option B,9,49,27,2023-11-15,2023-03-24,1547
Option B,42,55,30,2023-10-04,2023-01-19,1815
Option B,18,73,26,2023-11-15,2023-03-10,624
Option B,15,85,16,2023-11-08,2023-03-28,1234
Option B,46,31,29,2023-12-10,2023-02-10,1067
Option C,38,46,8,2023-04-07,2023-08-01,1594
Option B,31,86,7,2023-03-18,2023-03-30,878
Option A,47,38,21,2023-08-16,2023-01-05,1402
Option B,49,53,10,2023-12-25,2023-05-14,1764
Option B,18,43,6,2023-09-01,2023-07-04,560
Option B,3,55,10,2023-01-14,2023-05-08,509
Option C,50,46,19,2023-10-23,2023-04-13,1815
Option B,34,97,18,2023-07-25,2023-03-02,569
Option C,33,59,12,2023-08-20,2023-05-05,1230
Option B,28,68,7,2023-12-05,2023-03-24,602
Option C,12,81,27,2023-02-24,2023-10-19,1046
Option A,35,41,12,2023-05-17,2023-11-01,1058
Option C,19,43,12,2023-09-14,2023-10-16,954
Option C,37,56,10,2023-02-18,2023-08-09,1835
Option C,2,55,30,2023-11-28,2023-09-30,1171
Option A,24,64,24,2023-04-22,2023-05-31,1806
Option C,20,78,15,2023-05-27,2023-08-18,734
Option C,39,67,26,2023-10-24,2023-03-04,1591
Option B,4,96,8,2023-09-21,2023-01-02,1274
Option B,4,23,15,2023-12-02,2023-12-13,1151
Option B,18,82,29,2023-01-16,2023-11-24,1914
Option C,43,35,24,2023-03-04,2023-03-06,710
Option C,29,81,28,2023-10-31,2023-11-13,1903
Option C,6,42,27,2023-01-23,2023-03-15,644
Option B,45,51,30,2023-12-06,2023-01-04,1479
Option A,16,42,8,2023-08-17,2023-03-01,782
Option B,28,88,21,2023-08-22,2023-01-30,1238
Option A,33,95,8,2023-12-15,2023-06-16,776
Option C,16,73,24,2023-10-30,2023-12-10,1686
Option C,10,77,7,2023-03-08,2023-06-10,743
Option B,13,35,5,2023-01-06,2023-10-07,1012
Option A,39,63,19,2023-03-25,2023-09-03,512
Option C,32,29,20,2023-10-15,2023-04-17,1134
Option A,33,78,6,2023-05-19,2023-08-10,894
Option C,9,27,22,2023-01-10,2023-06-22,1063
Option B,33,82,24,2023-07-04,2023-03-04,822
Option B,37,39,15,2023-11-22,2023-02-25,1118
Option A,12,37,29,2023-10-27,2023-11-21,793
Option C,11,57,5,2023-01-19,2023-07-04,1210
Option B,34,50,17,2023-10-29,2023-07-17,1322
Option A,39,53,5,2023-09-12,2023-11-12,811
Option C,32,68,24,2023-02-28,2023-05-05,677
Option C,45,78,30,2023-06-02,2023-05-21,1213
Option C,42,95,7,2023-05-23,2023-01-13,1537
Option A,10,96,24,2023-06-29,2023-01-09,1463
Option B,7,47,16,2023-10-31,2023-02-20,1288
Option B,16,69,20,2023-06-30,2023-05-05,532
Option A,3,47,5,2023-10-24,2023-01-03,1021
Option B,11,63,27,2023-03-30,2023-03-18,960
Option C,46,26,6,2023-02-06,2023-06-08,771
Option C,13,93,8,2023-10-01,2023-12-08,1423
Option A,50,91,30,2023-06-03,2023-12-29,529
Option B,26,95,26,2023-10-18,2023-07-04,634
Option A,10,65,9,2023-12-20,2023-10-03,1253
Option B,48,51,23,2023-07-05,2023-05-09,1640
Option C,28,77,7,2023-02-26,2023-12-07,1040
Option C,37,38,6,2023-01-08,2023-02-01,1633
Option A,43,92,12,2023-05-19,2023-07-19,1361
Option C,18,27,24,2023-11-26,2023-04-02,797
Option B,20,60,30,2023-09-12,2023-10-07,1514
Option A,48,61,14,2023-12-28,2023-02-08,823
Option A,5,58,29,2023-06-30,2023-11-14,1336
Option B,4,42,27,2023-08-19,2023-08-23,1626
Option C,48,46,9,2023-01-01,2023-09-08,1713
Option A,23,23,23,2023-02-01,2023-06-30,1544
Option B,15,53,9,2023-05-29,2023-05-04,1903
Option B,8,45,26,2023-02-27,2023-03-20,1671
Option A,42,66,8,2023-01-13,2023-05-08,1582
Option B,36,83,19,2023-12-15,2023-10-31,523
Option A,13,84,7,2023-01-31,2023-11-18,1949
Option A,4,90,19,2023-01-05,2023-05-26,1144
Option B,42,36,11,2023-01-15,2023-10-11,1969
Option A,29,62,19,2023-03-05,2023-07-07,1018
Option C,44,55,29,2023-08-05,2023-01-30,1838
Option A,3,57,28,2023-09-14,2023-08-19,803
Option A,3,79,26,2023-08-09,2023-04-20,1905
Option B,42,36,6,2023-02-06,2023-07-09,1443
Option A,31,83,15,2023-09-13,2023-10-29,1708
Option B,27,78,12,2023-09-26,2023-07-22,966
Option A,20,45,24,2023-12-29,2023-12-12,872
Option A,5,100,6,2023-04-06,2023-08-12,982
Option A,41,51,22,2023-06-01,2023-03-17,759
Option C,19,90,26,2023-05-13,2023-04-22,1543
Option C,16,88,23,2023-12-03,2023-04-24,1801
Option B,10,48,18,2023-05-31,2023-01-02,1562
Option A,39,40,14,2023-07-14,2023-03-09,1250
Option B,20,67,7,2023-09-29,2023-02-01,633
Option C,36,56,6,2023-10-15,2023-10-14,1001
Option B,31,30,10,2023-12-27,2023-05-01,1921
Option C,18,77,25,2023-04-01,2023-04-21,1709
Option B,42,30,15,2023-12-17,2023-09-22,1405
Option C,0,41,16,2023-09-04,2023-03-22,1246
Option A,33,36,22,2023-09-03,2023-06-17,1687
Option A,11,98,11,2023-03-04,2023-08-04,1383
Option A,13,53,17,2023-03-08,2023-06-19,1277
Option A,2,92,17,2023-06-30,2023-02-23,1770
Option C,47,54,15,2023-05-20,2023-06-27,1692
Option B,19,23,28,2023-02-22,2023-07-28,515
Option A,25,60,17,2023-05-25,2023-06-12,1190
Option B,3,94,25,2023-02-28,2023-10-11,1306
Option A,3,60,18,2023-01-24,2023-11-13,1911
Option C,25,61,14,2023-10-09,2023-03-01,1123
Option C,0,35,20,2023-05-09,2023-06-10,1232
Option A,24,32,17,2023-09-24,2023-11-28,1952
Option B,16,43,25,2023-03-28,2023-01-16,750
Option C,20,96,5,2023-09-16,2023-05-01,1802
Option A,35,66,29,2023-07-18,2023-09-05,1436
Option C,16,23,11,2023-12-08,2023-11-04,1397
Option B,38,91,7,2023-02-07,2023-09-02,1105
Option A,4,29,20,2023-08-27,2023-12-04,1485
Option A,28,56,14,2023-05-13,2023-07-27,1786
Option A,8,37,21,2023-04-30,2023-09-25,748
Option A,30,97,5,2023-05-26,2023-07-09,978
Option A,5,41,8,2023-12-30,2023-05-15,1608
Option C,40,38,29,2023-06-07,2023-11-15,1196
Option B,30,69,30,2023-01-30,2023-03-20,1053
Option B,34,57,26,2023-02-26,2023-04-23,689
Option B,8,59,6,2023-08-28,2023-05-19,1401
Option C,48,26,6,2023-05-08,2023-11-19,1670
Option A,34,55,9,2023-05-31,2023-09-05,1466
Option B,37,31,9,2023-12-17,2023-08-30,1874
Option B,17,29,23,2023-11-02,2023-03-16,514
Option A,16,79,26,2023-12-25,2023-01-28,1798
Option B,12,29,18,2023-10-25,2023-06-28,1172
Option A,43,98,11,2023-08-18,2023-01-05,742
Option A,46,93,6,2023-06-22,2023-10-15,589
Option B,28,94,18,2023-03-02,2023-05-25,1022
Option C,41,63,8,2023-02-07,2023-04-10,1321
Option A,15,80,16,2023-09-22,2023-09-23,1460
Option C,32,73,12,2023-02-26,2023-08-02,1723
Option A,37,85,20,2023-06-15,2023-09-27,1349
Option B,14,52,23,2023-03-12,2023-11-20,1430
Option A,26,40,5,2023-01-30,2023-12-07,1575
Option B,21,38,24,2023-07-11,2023-06-21,1051
Option B,7,98,26,2023-05-16,2023-10-01,1417
Option B,0,64,19,2023-06-24,2023-06-14,1051
Option C,5,25,15,2023-11-18,2023-10-04,1482
Option A,48,86,22,2023-06-06,2023-10-16,1600
Option A,21,55,21,2023-05-08,2023-08-03,1710
Option A,5,93,7,2023-12-14,2023-12-02,1328
Option A,4,86,28,2023-12-11,2023-05-04,905
Option C,25,23,8,2023-04-17,2023-01-25,1434
Option A,8,57,5,2023-02-06,2023-11-06,1171
Option B,30,98,17,2023-03-15,2023-05-01,616
Option A,41,58,21,2023-01-23,2023-10-03,683
Option B,2,85,25,2023-10-11,2023-10-11,610
Option B,40,32,20,2023-04-02,2023-06-13,1591
Option A,31,82,25,2023-02-06,2023-11-11,1169
Option A,22,43,28,2023-05-04,2023-09-19,1840
Option A,17,89,10,2023-03-27,2023-12-20,1681
Option A,21,85,28,2023-11-17,2023-07-29,517
Option C,22,49,11,2023-06-27,2023-11-25,563
Option A,50,31,11,2023-09-10,2023-07-09,787
Option A,24,60,26,2023-10-19,2023-11-26,1836
Option A,37,78,25,2023-09-04,2023-03-03,1678
Option B,29,63,29,2023-08-28,2023-09-15,1896
Option B,37,21,24,2023-08-07,2023-03-19,1287
Option C,39,79,18,2023-04-14,2023-06-18,1444
Option B,3,62,19,2023-12-02,2023-02-12,603
Option C,16,60,9,2023-12-17,2023-02-12,1273
Option A,5,75,20,2023-10-05,2023-05-23,1373
Option A,25,95,5,2023-12-11,2023-10-13,1735
Option A,38,84,14,2023-12-23,2023-09-13,1630
Option A,31,46,19,2023-08-05,2023-01-01,1395
Option A,26,53,28,2023-02-12,2023-03-27,1386
Option C,38,69,23,2023-12-01,2023-06-02,1332
Option A,10,58,25,2023-04-17,2023-01-11,1789
Option A,20,47,25,2023-03-25,2023-12-27,1401
Option C,32,88,8,2023-05-22,2023-10-16,882
Option C,50,66,19,2023-01-09,2023-11-17,1944
Option B,7,48,25,2023-07-02,2023-07-08,702
Option A,16,73,22,2023-06-13,2023-10-24,1434
Option A,29,40,13,2023-04-02,2023-08-20,1823
Option A,13,88,25,2023-08-15,2023-07-17,712
Option B,23,31,5,2023-05-06,2023-03-25,1157
Option A,6,55,5,2023-08-13,2023-01-22,1935
Option B,2,87,12,2023-04-29,2023-12-29,1525
Option A,32,44,25,2023-10-03,2023-04-12,1429
Option A,23,20,21,2023-02-07,2023-09-01,1868
Option C,14,45,7,2023-11-05,2023-06-08,1588
Option C,26,71,22,2023-04-11,2023-12-31,1801
Option B,23,83,28,2023-03-22,2023-04-05,1175
Option B,22,99,23,2023-12-21,2023-08-14,1903
Option A,45,98,26,2023-04-01,2023-06-29,1405
Option C,26,33,9,2023-05-06,2023-12-04,592
Option A,11,93,8,2023-06-06,2023-10-06,1984
Option A,48,67,12,2023-07-02,2023-10-30,714
Option B,7,33,20,2023-01-06,2023-02-13,679
Option A,32,80,8,2023-03-09,2023-08-31,1696
Option B,21,96,14,2023-09-04,2023-06-21,1426
Option B,33,27,17,2023-10-26,2023-08-07,1585
Option B,4,37,29,2023-05-23,2023-06-29,1421
Option B,12,34,25,2023-02-02,2023-09-17,1736
Option C,18,74,20,2023-09-14,2023-06-20,1408
Option C,30,53,23,2023-12-17,2023-12-11,525
Option C,25,44,25,2023-04-18,2023-05-14,870
Option C,19,77,11,2023-05-04,2023-10-16,1401
Option A,28,94,29,2023-09-08,2023-10-22,1883
Option C,8,20,28,2023-03-07,2023-09-24,512
Option C,15,73,10,2023-09-01,2023-12-31,532
Option C,20,96,29,2023-12-20,2023-09-30,931
Option B,32,59,23,2023-11-03,2023-03-15,1652
Option C,48,91,7,2023-09-27,2023-08-20,1892
Option C,49,37,12,2023-06-24,2023-12-18,965
Option C,41,58,22,2023-07-12,2023-09-14,1897
Option A,8,64,18,2023-10-30,2023-01-16,1043
Option A,10,98,22,2023-07-06,2023-10-27,1886
Option C,0,99,14,2023-11-16,2023-06-09,1920
Option B,33,43,19,2023-06-26,2023-05-27,1336
Option C,10,63,16,2023-01-17,2023-01-05,1763
Option B,24,99,23,2023-04-25,2023-05-07,786
Option A,48,62,16,2023-02-13,2023-10-12,1434
Option B,13,88,19,2023-05-15,2023-03-24,1977
Option B,49,23,29,2023-04-03,2023-08-15,789
Option B,30,45,16,2023-07-14,2023-06-14,1127
Option A,13,76,10,2023-12-01,2023-09-28,1897
Option A,19,97,16,2023-05-13,2023-01-09,1574
Option A,39,91,6,2023-11-13,2023-04-13,772
Option C,23,98,15,2023-05-10,2023-04-03,1068
Option C,36,49,23,2023-10-19,2023-01-06,977
Option A,40,62,18,2023-07-13,2023-05-09,1523
Option A,28,75,16,2023-04-07,2023-10-09,1087
Option C,9,71,22,2023-07-01,2023-02-12,1404
Option A,48,93,22,2023-09-08,2023-01-14,1971
Option C,6,24,26,2023-06-16,2023-12-16,1832
Option B,21,20,21,2023-10-06,2023-06-20,710
Option A,43,95,28,2023-08-04,2023-06-16,1238
Option A,31,37,25,2023-05-21,2023-06-18,1731
Option C,10,25,13,2023-05-23,2023-04-28,1124
Option B,17,83,23,2023-06-11,2023-03-20,858
Option C,11,98,7,2023-05-23,2023-02-04,1068
Option B,6,69,22,2023-06-29,2023-07-01,1227
Option A,2,61,21,2023-05-28,2023-02-05,1230
Option B,45,52,28,2023-05-28,2023-05-22,1498
Option C,17,48,15,2023-10-05,2023-06-08,1420
Option B,47,81,12,2023-11-11,2023-03-17,1543
Option C,48,25,19,2023-08-12,2023-12-06,1818
Option C,5,78,19,2023-06-01,2023-03-04,1417
Option A,29,40,27,2023-11-29,2023-04-06,819
Option B,5,44,12,2023-09-08,2023-08-22,509
Option A,35,34,30,2023-01-10,2023-05-20,1635
Option B,28,91,21,2023-03-05,2023-03-25,1556
Option B,36,41,29,2023-03-11,2023-06-22,880
Option B,45,56,11,2023-01-31,2023-01-08,1466
Option B,41,79,26,2023-11-10,2023-01-28,1561
Option A,39,69,16,2023-11-12,2023-11-20,1596
Option B,41,27,22,2023-10-20,2023-07-17,1258
Option A,45,55,10,2023-07-03,2023-01-16,1844
Option B,28,60,22,2023-05-08,2023-04-28,935
Option A,46,94,24,2023-11-15,2023-08-31,1240
Option C,50,75,22,2023-02-15,2023-03-21,1772
Option B,31,50,26,2023-05-26,2023-09-08,1044
Option A,0,99,18,2023-09-18,2023-07-14,741
Option C,33,29,18,2023-02-25,2023-09-30,1991
Option B,14,52,10,2023-09-07,2023-03-06,1611
Option C,9,30,7,2023-09-06,2023-02-08,1942
Option B,4,85,6,2023-09-30,2023-01-21,613
Option C,4,27,12,2023-08-27,2023-11-10,921
Option C,16,42,16,2023-08-30,2023-12-03,622
Option A,48,61,24,2023-08-26,2023-02-19,948
Option B,49,48,29,2023-10-17,2023-07-01,1913
Option C,1,71,26,2023-12-18,2023-05-04,1921
Option A,26,70,22,2023-01-27,2023-03-31,1646
Option A,10,23,5,2023-06-06,2023-12-17,1650
Option C,36,64,29,2023-09-05,2023-12-07,512
Option B,16,34,12,2023-01-08,2023-03-10,1436
Option C,45,54,10,2023-11-19,2023-05-14,680
Option B,34,69,28,2023-01-04,2023-08-31,841
Option B,41,51,24,2023-11-26,2023-02-13,1675
Option B,12,87,25,2023-03-23,2023-03-24,720
Option A,29,36,22,2023-10-07,2023-09-27,724
Option B,30,93,14,2023-01-05,2023-09-16,937
Option A,50,82,25,2023-03-10,2023-01-17,1765
Option A,33,35,9,2023-12-15,2023-04-29,1532
Option A,16,50,17,2023-01-17,2023-05-19,1229
Option B,8,89,13,2023-05-30,2023-10-30,1823
Option B,50,88,18,2023-11-17,2023-04-23,704
Option C,49,53,18,2023-09-27,2023-03-03,596
Option C,8,96,27,2023-02-15,2023-09-05,684
Option A,21,41,6,2023-04-02,2023-07-12,686
Option B,45,30,16,2023-02-20,2023-09-25,774
Option B,46,21,14,2023-05-23,2023-08-26,1211
Option C,31,48,13,2023-01-25,2023-05-23,1221
Option C,37,22,14,2023-01-21,2023-12-03,1819
Option C,39,88,14,2023-12-11,2023-01-07,521
Option C,1,23,29,2023-03-20,2023-01-28,1005
Option B,0,81,14,2023-04-03,2023-12-11,1499
Option A,17,38,30,2023-12-26,2023-05-16,616
Option A,6,88,11,2023-05-26,2023-10-25,1565
Option C,26,37,21,2023-11-01,2023-09-24,1424
Option A,6,33,21,2023-05-08,2023-02-19,1997
Option B,35,92,13,2023-11-01,2023-05-04,1031
Option B,4,75,27,2023-02-12,2023-08-10,1894
Option C,10,30,10,2023-08-17,2023-03-09,697
Option B,26,80,7,2023-05-06,2023-12-20,1618
Option A,30,54,8,2023-04-07,2023-01-25,664
Option C,41,62,11,2023-04-10,2023-11-24,1575
Option A,10,71,8,2023-12-03,2023-03-29,1648
Option A,27,57,8,2023-06-29,2023-07-18,1486
Option C,32,84,27,2023-08-28,2023-02-02,834
Option B,41,89,17,2023-07-10,2023-02-04,1658
Option A,31,45,5,2023-06-07,2023-01-08,1282
Option A,22,23,11,2023-05-05,2023-03-08,642
Option B,20,62,22,2023-10-08,2023-03-27,950
Option B,43,65,12,2023-09-03,2023-01-31,1636
Option B,38,49,18,2023-08-01,2023-11-07,546
Option B,36,89,9,2023-12-10,2023-07-25,1845
Option A,31,87,5,2023-03-29,2023-08-19,1066
Option C,49,31,7,2023-10-23,2023-02-21,1444
Option C,39,72,11,2023-03-30,2023-11-04,1941
Option B,14,48,5,2023-04-28,2023-01-04,1028
Option C,31,61,11,2023-04-22,2023-03-05,681
Option C,6,93,12,2023-07-02,2023-10-20,1516
Option C,13,71,20,2023-07-06,2023-09-27,857
Option B,41,26,17,2023-09-26,2023-04-30,1725
Option C,47,90,6,2023-04-04,2023-03-06,1942
Option C,24,54,26,2023-03-24,2023-02-04,1610
Option B,2,25,17,2023-06-24,2023-12-15,872
Option B,22,60,30,2023-06-09,2023-05-29,1696
Option C,10,50,29,2023-04-13,2023-08-04,1883
Option B,30,21,20,2023-08-31,2023-05-26,1821
Option C,2,64,17,2023-11-29,2023-02-06,1991
Option B,7,49,11,2023-09-06,2023-09-21,1740
Option B,26,20,5,2023-06-22,2023-10-12,628
Option A,26,27,11,2023-07-05,2023-12-25,1652
Option B,48,81,18,2023-09-27,2023-07-13,1420
Option C,24,62,27,2023-05-07,2023-10-20,1694
Option A,27,64,5,2023-07-10,2023-05-22,735
Option A,27,64,6,2023-12-21,2023-03-17,1313
Option C,12,84,17,2023-05-27,2023-01-04,1721
Option B,14,28,20,2023-04-04,2023-09-21,1075
Option A,43,50,17,2023-02-01,2023-06-06,1294
Option A,40,25,7,2023-01-16,2023-02-17,1336
Option C,50,89,28,2023-02-26,2023-11-12,646
Option C,50,78,21,2023-11-18,2023-08-06,506
Option C,30,94,23,2023-05-10,2023-09-25,1437
Option A,37,23,29,2023-07-13,2023-12-19,879
Option B,12,30,24,2023-10-07,2023-06-01,850
Option B,40,31,24,2023-05-02,2023-03-15,944
Option C,10,35,28,2023-05-15,2023-03-29,1760
Option C,45,40,7,2023-07-01,2023-08-15,667
Option C,50,50,18,2023-04-08,2023-09-12,1611
Option C,49,37,15,2023-09-03,2023-01-19,1761
Option B,21,53,8,2023-01-08,2023-08-17,1783
Option A,23,37,25,2023-07-17,2023-04-19,1569
Option C,44,91,22,2023-07-31,2023-01-28,1383
Option B,11,48,30,2023-10-25,2023-01-07,1425
Option A,50,56,24,2023-07-21,2023-03-02,1649
Option C,43,82,27,2023-08-29,2023-12-28,1624
Option C,25,60,18,2023-01-09,2023-02-22,1206
Option C,19,53,17,2023-05-05,2023-09-01,1539
Option B,35,82,26,2023-02-16,2023-11-01,721
Option A,27,23,8,2023-09-13,2023-11-02,1883
Option B,15,95,29,2023-06-04,2023-07-02,994
Option C,48,20,11,2023-06-05,2023-06-10,1342
Option A,43,51,28,2023-11-01,2023-10-03,1190
Option B,1,31,7,2023-03-23,2023-09-14,1316
Option A,36,94,12,2023-08-28,2023-03-13,864
Option B,18,31,27,2023-06-10,2023-09-29,1511
Option B,12,30,27,2023-04-09,2023-01-19,741
Option C,38,34,6,2023-01-16,2023-11-14,1947
Option B,29,47,21,2023-10-25,2023-01-26,1984
Option B,4,81,15,2023-10-19,2023-05-13,1463
Option B,6,78,11,2023-12-07,2023-02-20,1798
Option B,15,42,25,2023-09-09,2023-12-04,555
Option B,43,88,21,2023-07-19,2023-06-11,1991
Option C,42,46,6,2023-10-14,2023-05-26,1462
Option A,18,74,25,2023-11-01,2023-10-14,1463
Option A,37,39,10,2023-07-27,2023-02-12,1381
Option C,25,54,26,2023-08-02,2023-01-03,1881
Option C,43,46,16,2023-03-02,2023-08-09,1108
Option C,44,98,17,2023-02-05,2023-11-05,1092
Option C,37,86,16,2023-09-05,2023-05-08,1778
Option B,9,24,17,2023-05-07,2023-10-05,1645
Option A,39,37,5,2023-09-24,2023-07-30,520
Option A,9,75,12,2023-11-26,2023-09-11,1916
Option C,37,49,12,2023-08-08,2023-10-08,1413
Option B,26,93,8,2023-04-10,2023-06-17,1983
Option B,50,56,29,2023-11-08,2023-11-03,1670
Option C,28,86,13,2023-02-13,2023-07-04,1666
Option A,29,59,8,2023-09-09,2023-09-30,1129
Option C,22,94,5,2023-09-17,2023-11-03,1444
Option C,48,96,19,2023-10-25,2023-01-07,747
Option A,20,55,20,2023-06-21,2023-04-30,1462
Option A,1,78,23,2023-07-13,2023-09-13,1264
Option C,22,36,20,2023-11-12,2023-03-31,1092
Option C,18,87,23,2023-10-02,2023-12-01,912
Option B,18,99,26,2023-07-11,2023-11-03,1408
Option B,12,33,17,2023-01-17,2023-11-29,1743
Option C,32,30,26,2023-12-31,2023-07-29,534
Option B,37,73,9,2023-10-29,2023-03-31,932
Option C,36,24,27,2023-07-20,2023-07-06,861
Option C,49,62,15,2023-11-05,2023-07-12,1825
Option B,6,31,14,2023-08-25,2023-07-21,1248
Option C,25,89,29,2023-10-26,2023-02-21,578
Option C,16,54,27,2023-04-11,2023-10-17,1243
Option A,46,34,20,2023-04-20,2023-02-10,1684
Option C,36,97,26,2023-09-17,2023-12-25,1997
Option A,36,36,14,2023-09-10,2023-06-02,568
Option B,31,90,16,2023-06-29,2023-06-03,957
Option A,44,84,17,2023-07-24,2023-06-04,733
Option C,39,37,30,2023-03-08,2023-05-02,1403
Option C,50,86,19,2023-04-20,2023-02-18,1600
Option B,32,28,30,2023-10-19,2023-01-09,1531
Option B,35,30,16,2023-05-01,2023-02-22,1622
Option A,49,39,23,2023-03-10,2023-08-08,1248
Option B,3,68,7,2023-07-04,2023-06-07,1523
Option C,39,42,27,2023-07-28,2023-02-01,1449
Option C,27,66,28,2023-05-25,2023-07-08,1601
Option C,20,45,8,2023-01-10,2023-02-06,856
Option B,22,55,11,2023-05-12,2023-05-23,1275
Option A,35,30,9,2023-11-10,2023-09-02,880
Option B,17,63,21,2023-08-26,2023-03-13,517
Option C,45,96,5,2023-08-29,2023-07-02,1698
Option B,27,91,8,2023-07-06,2023-08-01,752
Option C,30,70,21,2023-02-01,2023-03-18,1699
Option C,11,99,22,2023-05-02,2023-07-26,693
Option A,10,98,16,2023-03-10,2023-05-12,1615
Option B,23,40,24,2023-12-21,2023-04-07,1674
Option B,29,71,13,2023-05-18,2023-04-14,965
Option B,10,56,6,2023-05-13,2023-11-04,1550
Option B,23,90,16,2023-01-01,2023-08-18,743
Option B,16,50,30,2023-06-27,2023-02-20,1043
Option A,22,50,7,2023-10-30,2023-01-18,1919
Option A,33,69,9,2023-05-26,2023-03-20,745
Option C,9,69,26,2023-11-26,2023-02-08,764
Option A,3,35,30,2023-08-28,2023-09-28,1712
Option C,5,30,5,2023-07-26,2023-05-09,709
Option C,9,28,10,2023-12-03,2023-08-02,546
Option B,18,80,13,2023-03-31,2023-03-15,1617
Option C,37,92,18,2023-09-20,2023-01-19,828
Option B,40,20,25,2023-08-30,2023-01-12,1124
Option A,27,44,18,2023-09-27,2023-08-29,1384
Option A,47,69,21,2023-10-04,2023-08-03,765
Option B,44,46,26,2023-11-29,2023-10-09,1121
Option A,8,83,12,2023-08-25,2023-01-22,1538
Option C,6,80,22,2023-12-17,2023-11-04,1376
Option B,50,47,29,2023-03-06,2023-10-04,952
Option B,23,57,15,2023-02-27,2023-01-15,612
Option C,41,53,24,2023-07-08,2023-02-20,584
Option A,17,47,24,2023-12-07,2023-10-07,1288
Option A,23,94,13,2023-04-01,2023-07-15,688
Option B,7,24,30,2023-12-23,2023-12-14,960
Option C,15,76,9,2023-06-11,2023-09-29,1896
Option A,46,22,14,2023-11-11,2023-01-13,990
Option A,17,24,24,2023-11-14,2023-11-01,609
Option C,28,48,8,2023-06-15,2023-11-13,1736
Option C,48,91,22,2023-09-12,2023-02-21,989
Option B,24,22,7,2023-07-18,2023-10-25,882
Option A,15,65,24,2023-10-19,2023-05-26,1248
Option C,4,81,15,2023-09-12,2023-01-30,1155
Option C,22,33,25,2023-05-16,2023-12-28,1733
Option C,2,98,12,2023-05-22,2023-07-18,822
Option A,5,98,7,2023-07-04,2023-11-14,559
Option C,24,86,21,2023-11-14,2023-11-11,1169
Option C,18,96,6,2023-01-27,2023-03-16,1373
Option A,10,21,23,2023-02-24,2023-07-02,1469
Option B,42,65,27,2023-08-26,2023-08-27,634
Option A,11,77,7,2023-02-01,2023-02-01,1577
Option B,32,89,23,2023-10-07,2023-02-17,1838
Option B,7,35,27,2023-04-13,2023-04-13,745
Option A,6,20,14,2023-10-21,2023-01-29,741
Option C,14,54,24,2023-12-07,2023-05-10,1257
Option A,36,51,28,2023-12-05,2023-09-09,1745
Option B,34,48,17,2023-01-23,2023-08-09,1812
Option B,6,74,21,2023-01-09,2023-10-12,1702
Option A,12,38,22,2023-02-20,2023-02-15,1616
Option B,19,77,24,2023-12-17,2023-02-02,1191
Option A,8,31,19,2023-07-26,2023-06-22,890
Option A,11,87,30,2023-07-17,2023-01-03,1237
Option B,13,40,6,2023-12-27,2023-01-16,1356
Option B,38,50,7,2023-12-14,2023-07-20,589
Option B,27,80,10,2023-12-01,2023-11-16,644
Option B,8,97,10,2023-09-17,2023-03-24,1731
Option C,31,91,22,2023-09-05,2023-04-25,1348
Option A,35,61,13,2023-06-18,2023-09-07,1861
Option A,18,65,9,2023-04-14,2023-02-21,1164
Option A,40,50,18,2023-10-22,2023-03-13,1887
Option A,33,70,22,2023-08-07,2023-04-10,717
Option C,48,75,25,2023-03-15,2023-04-06,1668
Option B,11,61,22,2023-05-20,2023-07-02,1546
Option A,13,38,7,2023-04-17,2023-03-12,715
Option A,9,66,25,2023-07-17,2023-06-10,1450
Option C,38,100,8,2023-05-19,2023-10-27,749
Option C,15,36,21,2023-09-22,2023-12-17,1566
Option A,33,53,20,2023-10-11,2023-01-23,1463
Option A,9,77,16,2023-05-27,2023-01-27,1037
Option B,50,68,26,2023-05-27,2023-06-17,1201
Option C,1,37,23,2023-01-02,2023-07-23,1269
Option A,20,86,15,2023-08-02,2023-09-24,1638
Option A,7,77,21,2023-08-15,2023-09-22,1362
Option C,32,85,15,2023-02-16,2023-02-02,1531
Option A,32,64,21,2023-08-25,2023-11-15,643
Option B,14,86,26,2023-04-28,2023-05-02,1688
Option B,23,35,7,2023-02-24,2023-12-23,509
Option C,17,40,14,2023-12-14,2023-01-10,1082
Option A,34,92,16,2023-04-23,2023-11-05,1821
Option C,15,61,29,2023-02-11,2023-11-22,1974
Option A,3,100,18,2023-04-20,2023-10-09,1578
Option C,38,65,19,2023-11-07,2023-09-03,1795
Option C,33,54,22,2023-10-30,2023-06-13,950
Option A,45,55,27,2023-06-12,2023-08-25,937
Option C,27,84,6,2023-12-01,2023-06-01,775
Option C,35,93,14,2023-11-01,2023-02-15,619
Option C,48,45,14,2023-06-26,2023-03-25,1528
Option C,18,99,28,2023-10-09,2023-07-25,1730
Option C,22,40,22,2023-04-09,2023-08-13,885
Option B,7,55,15,2023-03-05,2023-03-28,1180
Option C,18,44,16,2023-12-11,2023-11-21,916
Option B,6,74,9,2023-04-17,2023-03-26,1196
Option C,11,95,9,2023-03-12,2023-12-09,1879
Option B,1,74,13,2023-12-17,2023-05-19,1118
Option A,17,26,7,2023-04-20,2023-10-07,1220
Option A,47,40,15,2023-07-21,2023-12-01,1989
Option C,22,43,30,2023-03-30,2023-04-06,1301
Option A,48,76,25,2023-10-01,2023-05-15,1301
Option B,10,70,18,2023-05-27,2023-09-14,857
Option A,1,57,21,2023-01-27,2023-06-25,524
Option B,45,70,17,2023-03-17,2023-12-16,528
Option B,24,78,16,2023-12-12,2023-02-27,1698
Option A,24,37,18,2023-03-12,2023-05-05,1500
Option A,16,33,25,2023-01-29,2023-05-20,750
Option B,21,67,14,2023-05-30,2023-11-20,1340
Option C,12,62,25,2023-07-01,2023-04-21,1842
Option A,21,68,9,2023-06-01,2023-09-20,1474
Option B,24,59,28,2023-03-12,2023-11-08,1907
Option A,8,48,22,2023-02-14,2023-08-28,760
Option B,46,42,14,2023-07-10,2023-01-22,1339
Option C,34,90,26,2023-08-21,2023-05-27,1191
Option B,23,23,12,2023-03-26,2023-06-16,1640
Option B,37,95,27,2023-08-30,2023-01-18,1878
Option C,41,79,13,2023-06-04,2023-11-26,934
Option A,11,45,9,2023-07-12,2023-12-28,1670
Option B,14,36,12,2023-10-12,2023-12-17,612
Option C,40,79,30,2023-10-04,2023-05-11,1977
Option C,14,49,20,2023-12-21,2023-01-17,618
Option A,35,52,5,2023-10-06,2023-08-10,951
Option C,24,57,22,2023-07-07,2023-09-27,1377
Option A,40,53,16,2023-06-23,2023-01-19,1396
Option A,4,61,14,2023-11-07,2023-06-22,1709
Option C,13,69,20,2023-08-08,2023-02-25,727
Option A,16,53,5,2023-10-03,2023-09-22,820
Option A,1,61,17,2023-02-19,2023-05-31,1149
Option C,50,94,23,2023-09-09,2023-09-07,1195
Option A,36,49,23,2023-04-06,2023-09-30,1105
Option A,23,27,23,2023-09-20,2023-12-19,1574
Option A,10,79,30,2023-07-22,2023-01-17,1108
Option B,32,74,26,2023-05-05,2023-03-02,937
Option B,6,97,6,2023-07-04,2023-11-20,952
Option B,14,23,17,2023-11-29,2023-10-06,782
Option B,25,45,16,2023-07-25,2023-06-10,1149
Option C,36,69,17,2023-10-12,2023-05-24,638
Option C,22,55,16,2023-12-01,2023-11-08,1479
Option B,10,100,30,2023-05-02,2023-04-07,1093
Option A,47,29,12,2023-03-12,2023-03-29,1712
Option C,24,70,17,2023-03-04,2023-06-16,734
Option A,9,77,29,2023-07-27,2023-04-22,1372
Option C,33,84,22,2023-06-11,2023-05-26,1925
Option C,27,33,19,2023-11-18,2023-01-30,1500
Option C,5,88,7,2023-04-11,2023-01-17,1860
Option A,11,96,27,2023-10-07,2023-12-24,1103
Option B,18,98,12,2023-03-27,2023-02-21,1675
Option C,43,71,9,2023-01-21,2023-04-09,1780
Option C,34,79,16,2023-04-02,2023-07-07,744
Option A,7,39,25,2023-05-14,2023-05-15,1507
Option A,27,90,29,2023-08-24,2023-07-03,1304
Option A,44,51,28,2023-05-24,2023-10-04,888
Option C,47,63,8,2023-10-01,2023-04-03,1950
Option C,1,40,26,2023-12-01,2023-11-01,833
Option A,12,75,11,2023-01-23,2023-02-06,1632
Option A,44,51,12,2023-04-15,2023-09-21,1031
Option B,37,69,14,2023-05-12,2023-09-10,666
Option C,18,58,7,2023-11-04,2023-12-14,963
Option C,30,55,15,2023-06-09,2023-12-07,677
Option B,10,62,26,2023-04-21,2023-12-09,855
Option A,43,53,13,2023-08-04,2023-03-15,1154
Option C,10,24,7,2023-07-02,2023-10-26,1252
Option A,28,56,22,2023-02-15,2023-06-25,594
Option A,32,66,10,2023-03-15,2023-04-03,1053
Option C,26,23,21,2023-07-03,2023-01-24,1526
Option B,24,37,19,2023-11-23,2023-06-11,1826
Option C,7,57,20,2023-01-04,2023-01-07,1412
Option C,32,54,6,2023-03-28,2023-12-06,1198
Option C,27,93,15,2023-07-12,2023-07-28,740
Option B,39,85,21,2023-08-24,2023-09-16,1680
Option A,43,74,20,2023-01-14,2023-03-26,1964
Option C,7,91,7,2023-02-22,2023-08-19,949
Option C,15,25,11,2023-09-13,2023-12-07,766
Option B,9,73,19,2023-08-14,2023-11-23,919
Option B,14,60,6,2023-09-25,2023-10-20,583
Option B,41,96,20,2023-12-09,2023-02-20,1325
Option C,23,33,6,2023-04-29,2023-08-27,1858
Option C,39,96,16,2023-02-22,2023-08-09,1324
Option B,27,28,6,2023-02-24,2023-11-16,1596
Option A,39,53,28,2023-11-17,2023-11-16,1587
Option A,1,95,13,2023-02-05,2023-12-26,1592
Option A,45,60,18,2023-02-13,2023-09-08,996
Option B,17,28,29,2023-05-25,2023-06-20,902
Option A,10,50,9,2023-10-04,2023-09-27,1714
Option B,1,28,10,2023-10-26,2023-09-04,1458
Option B,18,77,8,2023-12-03,2023-12-23,532
Option C,47,56,19,2023-03-24,2023-01-06,1933
Option C,1,85,23,2023-10-22,2023-04-30,1445
Option C,40,39,14,2023-11-02,2023-05-20,1552
Option C,22,82,23,2023-11-25,2023-06-07,1025
Option B,4,59,12,2023-05-28,2023-05-12,1472
Option B,5,35,19,2023-10-17,2023-08-25,1072
Option B,49,82,7,2023-08-01,2023-03-31,1626
Option C,16,21,11,2023-07-15,2023-02-10,1086
Option C,26,63,13,2023-03-10,2023-08-10,1836
Option C,11,35,7,2023-10-02,2023-03-15,1358
Option A,14,39,8,2023-09-27,2023-07-12,1613
Option C,33,84,23,2023-06-19,2023-07-21,1701
Option A,13,36,17,2023-03-28,2023-05-18,1235
Option C,1,28,11,2023-03-28,2023-03-09,1584
Option B,15,57,16,2023-07-09,2023-04-17,1733
Option A,14,51,11,2023-02-22,2023-01-24,1404
Option A,9,93,27,2023-07-08,2023-09-20,1965
Option A,23,67,17,2023-11-23,2023-03-19,1063
Option C,26,51,11,2023-08-10,2023-06-27,1090
Option A,2,38,20,2023-02-08,2023-05-31,971
Option B,33,94,10,2023-01-23,2023-12-26,1131
Option A,42,98,12,2023-02-23,2023-05-18,1506
Option C,39,26,25,2023-06-10,2023-02-14,1646
Option C,29,22,8,2023-04-06,2023-07-12,1494
Option C,15,79,8,2023-07-12,2023-05-23,1133
Option B,8,70,13,2023-02-24,2023-12-09,1799
Option C,46,37,22,2023-02-22,2023-08-15,1574
Option B,12,44,18,2023-03-07,2023-02-19,1513
Option A,26,37,6,2023-12-11,2023-08-26,1204
Option C,17,23,19,2023-10-13,2023-01-31,1648
Option B,46,29,11,2023-11-12,2023-11-09,1550
Option B,43,38,16,2023-04-05,2023-06-06,1727
Option A,8,57,7,2023-11-04,2023-12-27,1968
Option B,34,40,5,2023-04-04,2023-07-27,1901
Option A,44,55,16,2023-05-26,2023-11-08,1106
Option B,8,91,13,2023-02-18,2023-05-07,1807
Option C,47,90,8,2023-07-11,2023-05-28,1237
Option C,4,52,13,2023-11-23,2023-12-25,1254
Option B,39,53,5,2023-05-25,2023-01-03,1829
Option B,27,32,22,2023-06-08,2023-07-09,1350
Option A,17,51,21,2023-09-25,2023-01-02,1929
Option B,5,31,13,2023-02-24,2023-10-08,937
Option C,39,23,23,2023-06-19,2023-05-07,1418
Option B,42,70,7,2023-02-24,2023-10-25,717
Option C,42,95,11,2023-08-02,2023-07-07,1273
Option A,21,20,28,2023-11-09,2023-03-29,965
Option B,25,100,16,2023-02-06,2023-06-01,986
Option C,37,35,8,2023-01-21,2023-11-06,1446
Option A,35,21,20,2023-09-05,2023-12-20,1187
Option B,14,90,22,2023-04-23,2023-05-09,591
Option C,48,83,17,2023-02-19,2023-10-19,1517
Option B,26,50,10,2023-03-01,2023-08-03,945
Option A,7,78,21,2023-01-24,2023-02-05,738
Option C,21,65,26,2023-09-17,2023-01-26,1732
Option C,42,78,7,2023-09-09,2023-02-24,1931
Option C,49,34,23,2023-02-11,2023-07-31,1365
Option A,24,35,19,2023-05-20,2023-03-07,1772
Option C,13,58,29,2023-10-23,2023-12-08,1850
Option B,43,51,25,2023-11-10,2023-03-17,1707
Option B,7,87,15,2023-07-06,2023-04-24,1801
Option B,2,93,8,2023-06-18,2023-04-11,1935
Option C,41,29,17,2023-06-12,2023-09-18,1398
Option A,18,84,7,2023-03-27,2023-04-26,629
Option A,30,65,9,2023-01-21,2023-01-19,1061
Option B,43,59,7,2023-07-28,2023-09-16,1837
Option B,45,94,27,2023-11-04,2023-06-27,1356
Option C,44,25,7,2023-11-28,2023-10-31,1659
Option B,5,68,18,2023-07-22,2023-05-16,1411
Option B,25,31,16,2023-01-23,2023-02-22,746
Option A,28,74,23,2023-10-14,2023-04-28,1345
Option C,38,48,21,2023-05-25,2023-06-20,1976
Option A,20,20,8,2023-10-13,2023-11-13,1293
Option C,3,86,26,2023-11-25,2023-07-26,1796
Option C,9,89,15,2023-12-02,2023-03-13,777
Option C,15,21,25,2023-04-01,2023-04-29,1650
Option C,15,91,14,2023-04-02,2023-04-14,744
Option B,34,71,11,2023-12-12,2023-04-19,1261
Option B,50,68,6,2023-05-08,2023-03-08,1290
Option A,50,83,17,2023-05-01,2023-11-22,1633
Option A,38,55,28,2023-06-10,2023-06-13,1226
Option C,29,90,30,2023-11-26,2023-12-05,909
Option B,20,82,5,2023-02-27,2023-08-29,1106
Option A,26,80,14,2023-10-22,2023-01-26,1695
Option B,37,69,25,2023-02-13,2023-02-09,1504
Option B,46,35,16,2023-06-05,2023-05-27,599
Option B,1,43,17,2023-05-27,2023-04-26,527
Option A,45,20,18,2023-03-08,2023-06-20,1562
Option C,35,25,15,2023-02-13,2023-11-12,1164
Option C,9,91,19,2023-06-10,2023-10-25,1351
Option B,36,86,29,2023-09-15,2023-01-15,899
Option B,43,89,22,2023-10-29,2023-12-14,1124
Option B,3,35,13,2023-09-20,2023-12-01,1215
Option A,34,53,28,2023-07-28,2023-01-08,971
Option C,6,33,20,2023-04-19,2023-12-02,1891
Option A,10,78,30,2023-05-27,2023-03-22,1511
Option B,46,89,30,2023-04-07,2023-06-11,1992
Option C,1,42,24,2023-09-18,2023-04-07,1456
Option A,40,20,26,2023-01-02,2023-12-13,768
Option A,12,87,17,2023-11-10,2023-02-10,859
Option B,31,46,27,2023-10-22,2023-09-07,1565
Option C,10,62,12,2023-12-08,2023-10-11,1230
Option A,22,49,13,2023-07-28,2023-02-03,1585
Option B,39,85,13,2023-08-25,2023-06-07,601
Option A,39,39,11,2023-11-04,2023-03-08,897
Option A,5,39,6,2023-07-08,2023-07-12,818
Option C,4,83,10,2023-05-03,2023-02-08,1669
Option C,28,20,5,2023-11-15,2023-01-11,1126
Option C,40,51,16,2023-03-05,2023-06-12,956
Option C,40,93,9,2023-10-17,2023-07-28,1284
Option C,36,76,12,2023-03-09,2023-04-06,571
Option B,47,97,28,2023-03-13,2023-04-21,1227
Option C,41,84,24,2023-06-18,2023-10-25,1587
Option B,0,58,21,2023-07-19,2023-01-13,672
Option C,9,30,13,2023-10-22,2023-11-30,1860
Option B,1,58,5,2023-02-09,2023-09-19,1654
Option C,34,48,6,2023-12-08,2023-12-11,883
Option B,44,65,6,2023-02-22,2023-12-10,706
Option B,38,80,24,2023-08-31,2023-08-11,1473
Option C,12,88,14,2023-03-29,2023-07-10,660
Option B,27,77,5,2023-07-04,2023-07-12,1180
Option A,14,65,20,2023-05-19,2023-08-06,1287
Option C,5,63,25,2023-06-04,2023-06-14,1021
Option A,14,59,12,2023-12-29,2023-09-07,988
Option C,33,51,12,2023-06-15,2023-11-17,511
Option B,48,90,6,2023-12-22,2023-05-25,747
Option A,34,53,11,2023-09-14,2023-05-11,1359
Option A,49,20,19,2023-08-15,2023-07-27,822
Option C,9,30,11,2023-07-22,2023-03-05,1874
Option A,11,59,20,2023-10-01,2023-01-18,1494
Option B,7,67,16,2023-09-21,2023-09-30,593
Option C,7,32,15,2023-02-17,2023-12-19,1238
Option C,40,36,5,2023-04-10,2023-11-03,1034
Option B,3,30,5,2023-02-03,2023-01-04,1277
Option B,14,83,17,2023-05-26,2023-01-10,598
Option B,16,77,24,2023-08-20,2023-12-22,1963
Option C,26,93,5,2023-04-06,2023-05-24,1224
Option C,33,69,9,2023-09-07,2023-07-18,1924
Option C,26,33,6,2023-04-27,2023-07-17,1098
Option B,6,31,23,2023-05-02,2023-07-05,1243
Option A,26,92,24,2023-04-03,2023-09-17,1713
Option C,12,23,5,2023-06-21,2023-05-07,863
Option C,7,78,21,2023-12-24,2023-03-28,1457
Option C,24,62,8,2023-09-28,2023-04-09,1776
Option C,25,46,26,2023-05-08,2023-02-14,897
Option C,16,69,8,2023-01-21,2023-12-02,1464
Option C,11,95,26,2023-07-24,2023-09-12,1089
Option A,44,28,18,2023-08-07,2023-08-18,1413
Option A,15,35,29,2023-08-18,2023-11-15,1558
Option A,9,47,24,2023-10-06,2023-04-14,1119
Option A,4,96,8,2023-11-13,2023-07-30,671
Option A,46,90,26,2023-05-24,2023-03-29,1610
Option B,5,22,14,2023-02-04,2023-04-26,1822
Option A,20,31,22,2023-02-20,2023-04-01,994
Option B,16,39,18,2023-10-24,2023-07-05,1610
Option B,25,35,28,2023-04-21,2023-04-10,1107
Option C,36,52,5,2023-02-07,2023-03-18,1873
Option C,42,62,30,2023-03-14,2023-04-22,1766
Option A,30,84,28,2023-04-28,2023-07-22,1259
Option B,47,71,25,2023-08-28,2023-02-24,1228
Option B,11,35,8,2023-09-01,2023-03-12,1638
Option A,28,54,12,2023-05-27,2023-11-05,1589
Option C,42,34,30,2023-08-16,2023-07-23,1786
Option C,23,59,20,2023-12-16,2023-03-31,1293
Option B,7,36,22,2023-02-14,2023-03-25,1792
Option A,0,41,26,2023-12-14,2023-12-20,1459
Option C,22,49,6,2023-08-19,2023-10-16,912
Option B,34,60,30,2023-09-09,2023-06-10,1600
Option A,45,32,18,2023-09-09,2023-10-15,870
Option C,9,76,5,2023-07-22,2023-10-08,1522
Option B,27,20,12,2023-08-03,2023-12-21,1793
Option B,22,71,8,2023-08-30,2023-03-16,1033
Option B,14,95,23,2023-06-13,2023-11-17,1368
Option B,38,50,18,2023-11-12,2023-07-24,763
Option B,28,83,15,2023-08-27,2023-10-05,1497
Option A,21,53,17,2023-08-28,2023-01-14,1469
Option A,15,61,27,2023-09-23,2023-08-08,573
Option C,30,24,22,2023-08-23,2023-07-27,628
Option A,11,22,5,2023-02-21,2023-08-14,886
Option A,19,24,28,2023-12-10,2023-03-28,571
Option C,8,96,18,2023-11-03,2023-03-12,605
Option A,27,98,21,2023-06-10,2023-05-01,941
Option B,2,25,9,2023-07-16,2023-03-01,1467
Option C,50,84,27,2023-09-29,2023-08-18,750
Option C,44,93,6,2023-02-03,2023-02-26,1252
Option B,39,74,26,2023-02-23,2023-02-24,1139
Option B,48,44,28,2023-07-06,2023-01-29,996
Option A,3,62,16,2023-01-20,2023-09-08,1534
Option C,9,39,30,2023-11-21,2023-12-06,1552
Option C,48,34,23,2023-10-31,2023-06-02,1768
Option A,9,58,25,2023-09-25,2023-07-06,1867
Option C,4,22,29,2023-11-07,2023-06-17,1652
Option A,10,80,12,2023-10-13,2023-02-15,1625
Option A,40,38,25,2023-10-30,2023-04-30,1968
Option B,11,56,10,2023-09-14,2023-06-21,853
Option A,4,66,27,2023-11-24,2023-06-23,1260
Option A,23,73,18,2023-11-26,2023-09-29,592
Option A,3,26,5,2023-05-15,2023-06-04,669
Option A,33,35,21,2023-09-03,2023-03-03,1498
Option A,31,24,14,2023-12-16,2023-06-05,536
Option A,0,43,13,2023-07-26,2023-01-15,1599
Option C,18,75,12,2023-09-18,2023-09-02,1844
Option C,47,61,14,2023-12-11,2023-06-22,1424
Option A,10,52,23,2023-07-30,2023-09-14,1134
Option A,38,55,6,2023-01-07,2023-02-03,1501
Option C,28,46,23,2023-04-18,2023-07-06,1340
Option B,26,82,11,2023-08-27,2023-04-24,1249
Option B,23,39,10,2023-11-20,2023-12-18,841
Option C,4,28,6,2023-12-23,2023-06-10,1139
Option C,1,88,11,2023-03-21,2023-06-20,1165
Option B,40,26,5,2023-02-10,2023-12-31,673
Option C,25,72,14,2023-11-05,2023-10-10,1847
Option C,27,52,20,2023-07-29,2023-12-25,1740
Option A,46,71,12,2023-11-20,2023-10-18,1661
Option B,5,21,10,2023-02-14,2023-09-13,1853
Option B,25,20,14,2023-01-16,2023-04-03,1236
Option B,27,50,15,2023-02-14,2023-10-04,598
Option B,5,61,19,2023-12-21,2023-11-27,975
Option A,3,23,26,2023-08-12,2023-06-14,939
Option A,21,55,22,2023-09-19,2023-11-05,859
Option B,14,83,17,2023-09-30,2023-03-07,790
Option B,5,53,14,2023-04-25,2023-01-13,1474
Option A,2,35,23,2023-11-06,2023-05-26,1290
Option C,20,79,6,2023-04-05,2023-08-11,974
Option A,9,35,7,2023-05-31,2023-01-22,1313
Option C,36,59,27,2023-01-30,2023-10-06,573
Option C,24,62,26,2023-03-25,2023-08-07,1513
Option B,37,36,25,2023-12-07,2023-06-18,1079
Option C,27,35,21,2023-08-20,2023-05-09,915
Option C,0,53,13,2023-07-14,2023-12-01,1048
Option C,34,27,8,2023-10-25,2023-07-15,1376
Option A,39,88,9,2023-02-19,2023-02-25,881
Option C,1,31,22,2023-09-01,2023-11-14,1942
Option A,45,78,18,2023-10-09,2023-10-24,1375
Option C,18,42,16,2023-07-16,2023-10-20,1747
Option A,25,85,22,2023-12-10,2023-01-27,672
Option A,32,34,22,2023-10-30,2023-09-25,622
Option B,22,56,5,2023-07-26,2023-03-07,1933
Option B,2,60,27,2023-07-10,2023-12-24,1313
Option A,36,98,16,2023-11-21,2023-06-24,1183
Option A,23,92,19,2023-05-25,2023-08-06,965
Option A,31,94,13,2023-09-03,2023-01-16,577
Option C,12,93,11,2023-03-11,2023-01-13,1554
Option A,8,68,21,2023-10-12,2023-05-26,1378
Option A,16,58,11,2023-11-14,2023-11-22,1611
Option B,46,47,29,2023-10-13,2023-12-31,1064
Option A,13,36,23,2023-07-16,2023-01-21,1062
Option A,48,56,20,2023-01-14,2023-08-24,981
Option C,48,54,5,2023-07-05,2023-04-22,1709
Option B,30,97,21,2023-07-26,2023-07-30,1024
Option C,7,80,22,2023-07-23,2023-12-06,1254
Option B,36,90,17,2023-05-29,2023-05-22,950
Option C,11,64,22,2023-09-03,2023-11-09,517
Option A,19,50,23,2023-11-22,2023-08-30,828
Option B,4,22,10,2023-04-12,2023-07-15,557
Option B,49,53,9,2023-07-27,2023-01-17,968
Option B,39,44,27,2023-06-02,2023-12-07,1005
Option B,50,94,27,2023-08-27,2023-05-23,1021
Option B,34,99,25,2023-11-15,2023-02-16,713
Option A,4,76,22,2023-10-10,2023-12-31,1699
Option C,7,55,25,2023-09-23,2023-01-16,1027
Option B,43,26,12,2023-11-03,2023-01-09,1684
Option C,36,29,18,2023-06-05,2023-12-09,919
Option B,25,39,9,2023-08-20,2023-12-31,1175
Option A,24,81,29,2023-05-11,2023-07-16,1128
Option C,46,36,18,2023-11-20,2023-09-17,1299
Option B,41,97,30,2023-01-07,2023-09-13,1889
Option C,21,22,19,2023-09-07,2023-07-18,913
Option B,30,71,24,2023-11-26,2023-11-09,1817
Option C,8,97,29,2023-07-01,2023-02-10,1612
Option C,8,49,30,2023-03-04,2023-12-22,1052
Option B,16,54,29,2023-08-27,2023-01-14,869
Option B,40,97,18,2023-02-04,2023-10-31,1879
Option B,41,36,22,2023-11-18,2023-12-27,1117
Option C,23,30,10,2023-05-30,2023-04-12,1242
Option A,36,20,23,2023-04-20,2023-09-21,1747
Option A,10,92,16,2023-10-20,2023-03-05,1918
Option A,31,78,26,2023-01-01,2023-08-19,591
Option C,15,86,5,2023-10-26,2023-10-23,727
Option A,45,71,17,2023-06-09,2023-03-30,1556
Option B,26,63,11,2023-06-13,2023-09-19,1806
Option C,27,41,7,2023-05-06,2023-04-19,641
Option A,30,63,5,2023-04-17,2023-08-16,1766
Option B,13,67,18,2023-12-31,2023-05-26,635
Option B,12,60,18,2023-03-04,2023-03-20,1038
Option C,46,92,22,2023-09-27,2023-02-16,1251
Option B,13,34,20,2023-03-08,2023-02-17,1958
Option B,38,65,5,2023-08-30,2023-02-16,1406
Option C,30,54,8,2023-02-21,2023-03-24,1577
Option B,9,27,15,2023-11-05,2023-01-16,1248
Option A,28,67,30,2023-02-10,2023-07-02,1824
Option C,27,84,17,2023-03-05,2023-02-16,1857
Option A,8,20,6,2023-10-03,2023-01-27,1066
Option C,12,48,12,2023-03-10,2023-09-29,1013
Option C,13,81,20,2023-07-14,2023-11-07,1507
Option B,47,41,24,2023-11-20,2023-07-21,1709
Option C,4,42,9,2023-10-01,2023-04-10,502
Option C,25,50,16,2023-03-11,2023-08-13,1035
Option B,12,30,10,2023-07-12,2023-09-03,1008
Option C,13,56,9,2023-12-06,2023-07-14,1905
Option A,7,43,8,2023-06-27,2023-08-01,1251
Option B,6,45,20,2023-03-14,2023-08-04,1143
Option B,34,59,25,2023-12-06,2023-08-30,600
Option A,44,22,27,2023-04-06,2023-05-14,1746
Option A,45,39,20,2023-05-01,2023-09-02,1618
Option C,12,33,27,2023-05-01,2023-05-26,880
Option C,44,35,30,2023-06-23,2023-11-14,1431
Option C,45,99,30,2023-02-10,2023-11-14,776
Option B,17,33,30,2023-06-04,2023-04-24,1803
Option C,19,100,6,2023-07-26,2023-04-19,1556
Option C,31,82,19,2023-03-26,2023-06-07,900
Option B,42,50,18,2023-05-11,2023-04-26,1308
Option C,7,36,22,2023-12-21,2023-12-17,564
Option A,46,85,16,2023-03-31,2023-08-04,1608
Option C,7,35,20,2023-03-11,2023-02-24,1084
Option C,14,33,30,2023-12-17,2023-04-06,582
Option C,32,56,16,2023-05-13,2023-10-04,1790
Option B,20,60,22,2023-01-14,2023-02-19,1825
Option B,49,43,17,2023-04-22,2023-08-13,1927
Option A,40,48,20,2023-06-02,2023-05-12,1719
Option A,43,40,19,2023-02-04,2023-05-12,1746
Option C,16,47,25,2023-08-11,2023-05-14,1118
Option B,44,29,20,2023-05-27,2023-03-13,797
Option C,47,71,5,2023-08-11,2023-10-19,1969
Option C,32,37,10,2023-07-30,2023-06-08,991
Option A,22,23,18,2023-06-02,2023-08-08,1574
Option B,5,60,26,2023-09-09,2023-08-23,621
Option C,16,66,30,2023-12-31,2023-02-18,544
Option A,27,85,28,2023-05-31,2023-07-28,1280
Option C,37,87,16,2023-10-08,2023-09-09,1095
Option B,3,31,15,2023-03-11,2023-04-03,1878
Option B,9,48,11,2023-07-27,2023-03-21,1597
Option C,28,69,6,2023-01-23,2023-10-04,566
Option A,46,94,9,2023-09-20,2023-05-16,1390
Option A,22,49,21,2023-01-09,2023-03-16,942
Option C,1,87,21,2023-03-19,2023-12-30,1758
Option C,27,29,22,2023-02-02,2023-05-25,943
Option B,6,63,23,2023-11-04,2023-09-15,1810
Option C,17,85,26,2023-03-25,2023-03-30,1413
Option C,40,51,18,2023-01-03,2023-01-09,1620
Option C,0,69,6,2023-06-17,2023-12-27,1922
Option A,10,63,14,2023-08-31,2023-04-19,1005
Option A,7,25,30,2023-11-02,2023-01-02,1059
Option C,49,100,13,2023-07-13,2023-08-04,1569
Option A,13,43,20,2023-02-05,2023-06-06,1048
Option A,7,58,5,2023-12-07,2023-12-07,1490
Option C,7,97,17,2023-03-27,2023-11-15,1317
Option B,6,94,11,2023-08-24,2023-04-05,834
Option B,49,61,5,2023-06-01,2023-03-20,961
Option A,7,66,16,2023-11-11,2023-11-22,1376
Option B,8,97,21,2023-06-24,2023-08-26,963
Option C,37,29,28,2023-05-07,2023-01-22,1836
Option A,42,66,11,2023-08-09,2023-01-16,1804
Option A,47,52,28,2023-03-24,2023-02-25,1850
Option A,41,42,8,2023-08-09,2023-10-19,574
Option A,36,50,23,2023-10-28,2023-07-01,1051
Option A,8,41,7,2023-06-02,2023-09-05,1696
Option A,2,48,27,2023-10-17,2023-05-03,839
Option B,33,49,28,2023-09-18,2023-07-04,775
Option B,34,100,30,2023-12-03,2023-08-07,1839
Option B,0,76,11,2023-12-12,2023-09-14,693
Option C,39,92,11,2023-01-06,2023-08-14,1244
Option B,2,23,13,2023-04-16,2023-07-05,1597
Option B,31,90,12,2023-09-08,2023-02-22,1046
Option B,5,21,22,2023-07-10,2023-06-19,591
Option A,39,45,25,2023-06-24,2023-10-01,892
Option B,14,35,10,2023-03-19,2023-12-13,819
Option C,16,64,30,2023-06-15,2023-11-24,751
Option A,30,71,5,2023-11-26,2023-12-23,1720
Option C,19,58,17,2023-06-16,2023-04-10,669
Option C,18,53,10,2023-07-22,2023-02-07,1072
Option C,17,73,14,2023-07-11,2023-06-14,523
Option A,34,96,17,2023-01-10,2023-02-26,1431
Option C,15,58,8,2023-06-21,2023-05-19,795
Option B,28,55,25,2023-05-05,2023-02-19,546
Option A,10,54,8,2023-03-12,2023-11-02,1017
Option C,4,68,24,2023-11-19,2023-05-25,1189
Option B,11,64,19,2023-07-26,2023-09-07,1890
Option B,2,87,28,2023-06-20,2023-04-09,733
Option C,37,83,30,2023-05-30,2023-03-31,658
Option C,35,99,5,2023-11-09,2023-08-04,1968
Option C,29,91,9,2023-12-20,2023-06-18,1945
Option A,27,86,21,2023-06-08,2023-05-21,1378
Option A,20,100,29,2023-04-05,2023-12-24,1947
Option C,31,40,6,2023-04-17,2023-09-21,1403
Option C,9,49,10,2023-09-24,2023-07-15,1383
Option A,19,64,24,2023-07-22,2023-11-16,598
Option C,40,93,9,2023-01-27,2023-11-21,1347
Option B,46,56,21,2023-08-16,2023-01-15,1707
Option C,41,78,22,2023-05-11,2023-11-09,621
Option C,29,93,28,2023-05-22,2023-11-17,1058
Option A,49,23,23,2023-08-30,2023-04-28,1680
Option A,10,39,17,2023-06-26,2023-12-19,1075
Option A,27,62,29,2023-12-20,2023-01-08,1436
Option A,17,21,18,2023-01-15,2023-10-28,1242
Option B,1,65,8,2023-07-14,2023-05-14,667
Option B,20,33,27,2023-01-30,2023-06-14,879
Option C,36,25,6,2023-10-10,2023-05-18,777
Option C,36,72,30,2023-01-16,2023-11-19,1149
Option B,18,69,15,2023-09-20,2023-10-24,847
Option A,14,82,16,2023-10-07,2023-10-14,1057
Option A,27,85,10,2023-05-30,2023-08-11,1562
Option C,23,55,5,2023-07-11,2023-03-05,905
Option B,33,51,9,2023-11-22,2023-03-02,1856
Option A,41,100,18,2023-02-14,2023-05-30,545
Option A,19,42,12,2023-10-08,2023-06-28,1550
Option B,37,99,26,2023-03-24,2023-09-16,528
Option C,4,80,21,2023-09-26,2023-01-27,654
Option A,17,27,21,2023-01-12,2023-07-04,905
Option B,26,85,9,2023-08-17,2023-02-09,1664
Option A,40,100,8,2023-04-22,2023-03-21,1233
Option B,30,54,12,2023-11-28,2023-07-15,1780
Option C,10,21,19,2023-04-13,2023-10-07,1185
Option B,28,52,9,2023-04-29,2023-05-04,1788
Option A,0,29,8,2023-06-08,2023-07-04,1613
Option C,6,49,23,2023-07-01,2023-12-28,1743
Option C,45,77,18,2023-08-21,2023-03-16,921
Option A,39,82,5,2023-09-10,2023-08-31,1161
Option B,34,37,23,2023-01-10,2023-09-15,812
Option A,48,23,29,2023-01-07,2023-06-08,1446
Option A,12,81,19,2023-07-29,2023-11-25,1724
Option A,15,42,27,2023-11-30,2023-10-07,1469
Option C,27,21,22,2023-06-29,2023-05-09,1732
Option C,32,61,26,2023-03-30,2023-01-22,1998
Option B,36,51,20,2023-06-20,2023-04-15,889
Option B,48,20,18,2023-03-08,2023-11-04,1861
Option B,7,80,22,2023-12-14,2023-06-22,1014
Option C,50,84,21,2023-01-17,2023-12-12,1544
Option B,3,59,13,2023-05-17,2023-08-28,695
Option A,43,49,19,2023-05-21,2023-07-11,1456
Option A,42,52,15,2023-07-20,2023-05-25,854
Option A,10,93,27,2023-06-18,2023-06-18,1493
Option A,9,67,29,2023-03-21,2023-02-25,1089
Option C,50,90,20,2023-11-28,2023-01-22,1248
Option B,6,42,27,2023-08-13,2023-09-16,556
Option B,20,65,26,2023-11-21,2023-04-03,1555
Option A,48,76,15,2023-05-05,2023-07-02,1233
Option C,45,82,17,2023-12-04,2023-11-04,1401
Option A,10,93,24,2023-05-19,2023-12-25,1858
Option C,1,49,23,2023-11-22,2023-08-14,1448
Option B,12,94,28,2023-10-26,2023-04-08,1013
Option B,24,63,12,2023-08-27,2023-07-30,1335
Option B,22,31,18,2023-10-01,2023-06-02,995
Option C,19,89,5,2023-11-02,2023-04-28,1822
Option A,3,88,5,2023-04-08,2023-05-27,1231
Option A,34,74,13,2023-12-22,2023-07-01,1323
Option A,9,35,21,2023-05-19,2023-06-17,1213
Option B,0,66,14,2023-01-18,2023-03-31,1602
Option A,19,77,28,2023-11-10,2023-10-09,1366
Option B,18,70,19,2023-09-01,2023-12-21,1069
Option B,38,28,10,2023-01-24,2023-02-03,998
Option B,38,47,18,2023-03-23,2023-09-30,1268
Option C,31,84,29,2023-07-30,2023-03-01,512
Option A,31,69,27,2023-04-18,2023-05-21,574
Option B,38,61,15,2023-12-07,2023-10-03,662
Option C,36,36,12,2023-11-03,2023-07-20,1170
Option A,41,69,22,2023-03-05,2023-02-05,1113
Option C,47,57,20,2023-12-29,2023-02-15,1330
Option A,30,76,13,2023-12-11,2023-11-02,753
Option C,21,94,10,2023-01-31,2023-03-08,1990
Option B,20,94,20,2023-08-23,2023-01-12,1531
Option A,27,39,28,2023-08-22,2023-06-17,550
Option B,46,58,27,2023-04-16,2023-08-19,1587
Option B,13,97,13,2023-10-30,2023-06-26,1707
Option A,24,41,28,2023-05-10,2023-04-18,1087
Option B,32,41,8,2023-06-27,2023-06-30,508
Option A,36,76,16,2023-05-18,2023-06-02,779
Option B,11,89,15,2023-02-07,2023-08-23,1812
Option C,19,43,6,2023-06-18,2023-09-11,1619
Option B,6,70,9,2023-12-05,2023-06-06,1628
Option C,27,45,13,2023-04-03,2023-11-13,1213
Option C,32,21,11,2023-07-04,2023-01-31,1288
Option B,40,39,22,2023-06-17,2023-02-21,749
Option B,46,32,13,2023-11-30,2023-02-24,1832
Option B,21,95,17,2023-03-15,2023-07-30,1368
Option A,22,66,5,2023-04-09,2023-05-05,1816
Option C,22,80,6,2023-09-05,2023-01-16,1258
Option A,22,79,23,2023-08-17,2023-06-27,566
Option C,40,25,30,2023-07-23,2023-07-14,774
Option B,19,99,11,2023-03-06,2023-08-01,615
Option B,43,98,22,2023-05-25,2023-03-15,1580
Option B,9,60,8,2023-01-15,2023-12-31,1694
Option B,2,70,14,2023-07-30,2023-10-29,1234
Option C,8,98,13,2023-03-17,2023-05-27,1866
Option B,26,81,7,2023-04-13,2023-05-22,582
Option C,10,27,28,2023-02-16,2023-12-06,511
Option C,38,24,11,2023-06-04,2023-11-20,779
Option C,16,72,29,2023-04-05,2023-08-29,1834
Option A,3,37,26,2023-06-17,2023-03-19,1617
Option A,40,100,22,2023-07-15,2023-01-12,1729
Option B,46,51,11,2023-08-13,2023-09-21,1947
Option B,27,39,18,2023-09-30,2023-05-30,687
Option A,30,97,10,2023-01-08,2023-09-15,1876
Option A,32,39,23,2023-05-28,2023-04-30,1244
Option C,42,85,18,2023-12-17,2023-11-15,939
Option C,32,57,20,2023-02-16,2023-05-15,984
Option A,29,80,6,2023-11-15,2023-10-21,1320
Option B,22,80,26,2023-02-20,2023-10-03,1689
Option A,36,48,15,2023-02-11,2023-04-23,1434
Option A,16,90,16,2023-07-29,2023-01-02,1557
Option B,39,42,21,2023-11-10,2023-06-22,888
Option B,16,26,17,2023-12-23,2023-07-27,828
Option B,3,38,9,2023-12-10,2023-05-16,1215
Option A,22,61,11,2023-04-11,2023-01-26,867
Option B,50,67,20,2023-07-21,2023-07-06,907
Option B,22,49,29,2023-01-11,2023-01-16,1962
Option A,27,41,24,2023-07-29,2023-08-09,1585
Option C,15,80,14,2023-03-04,2023-09-24,1657
Option B,11,20,18,2023-03-24,2023-12-04,1109
Option A,31,20,5,2023-12-05,2023-06-07,1563
Option B,2,71,12,2023-04-14,2023-06-24,1020
Option C,6,100,10,2023-09-04,2023-11-19,1170
Option A,41,20,13,2023-07-03,2023-10-05,1848
Option B,2,85,5,2023-07-22,2023-07-10,1810
Option C,19,51,12,2023-10-26,2023-08-25,1614
Option B,18,84,23,2023-09-02,2023-08-26,856
Option B,3,50,18,2023-02-02,2023-04-22,1507
Option C,25,28,14,2023-10-29,2023-05-06,1134
Option A,7,21,16,2023-11-05,2023-06-01,504
Option B,48,76,9,2023-12-27,2023-01-30,644
Option A,14,81,14,2023-09-04,2023-12-31,1408
Option C,24,61,18,2023-11-16,2023-10-11,1227
